time,p_bottom,p_top,dp
0.0,103622.768359375,101987.34599609375,1635.42236328125
0.1011205,103619.39033203125,101986.541015625,1632.849316406253
0.20016112,103608.85,101987.2330078125,1621.6169921875116
0.30009491,103565.921875,101965.28271484375,1600.63916015625
0.39996731,103506.74404296876,101928.41533203125,1578.3287109375087
0.50003907,103391.046484375,101971.5490234375,1419.4974609374913
0.59998266,103156.90400390625,101899.50107421874,1257.4029296875087
0.70024747,103092.83408203124,101879.2310546875,1213.60302734375
0.79999877,102934.8533203125,101718.00478515626,1216.8485351562413
0.90021514,102928.363671875,101380.6876953125,1547.675976562503
1.0000107,103652.27060546874,101481.876171875,2170.3944335937413
1.100378,103151.42998046875,101524.617578125,1626.8124023437413
