t_s,vgas_max_m_s,dt_s,CFL
0.0,30.0,0.00016915254237288133,5.074576271186439
0.050011075,30.077556610107422,0.00018309090909090917,5.5069271829778526
0.10022827,30.111639213347917,0.00028785714285714287,8.667850430699435
0.15051508,30.494792938232422,0.0007861538461538463,23.97359875605657
0.19991122,30.29364585876465,0.0009476190476190478,28.706835837591267
0.25021122,30.399320602416992,0.0009619047619047622,29.24125124613445
0.30061122,30.304237365722656,0.0009761904761904764,29.582707904634027
0.35051122,30.202097236753442,0.000961904761904762,29.05154115154379
0.40051122,30.488573621426077,0.0009750000000000004,29.726359280890435
0.45071122,30.593434702771216,0.0010000000000000002,30.593434702771223
0.50077122,30.467247566581616,0.0009700000000000002,29.553230139584173
0.55077122,30.239295042254458,0.000985714285714286,29.8073051130794
0.60065522,30.39728546142578,0.0008383333333333333,25.483057645161946
0.65048922,30.68462371826172,0.0008508333333333332,26.107500680287675
0.70042922,30.63484001159668,0.000946818181818182,29.005623520070863
0.75008922,30.281980514526367,0.0010000000000000002,30.28198051452637
0.80072322,30.558869603729505,0.000920909090909091,28.141940825979994
0.85005722,31.082907827786016,0.0009422727272727275,29.288576330454738
0.90011722,31.092865732381554,0.0009761904761904764,30.352559405420095
0.95071722,30.527531554377582,0.0009118181818181816,27.835558317309733
0.99997722,30.26023292541504,0.0009500000000000004,28.747221279144302
1.0505772,31.107872009277344,0.0009750000000000002,30.330175209045414
1.1006872,31.289247512817383,0.0009204545454545458,28.800330097025103
1.1499372,30.48626136779785,0.0009761904761904764,29.760398001897908
1.2007972,30.349365877777423,0.0009204545454545456,27.935211773863315
1.2499772,31.284076860092885,0.0009352380952380954,29.258060453915444
1.3001152,31.439298171405603,0.0008159999999999999,25.654467307866966
1.3506512,30.82779606192117,0.0009159090909090911,28.23545866580508
1.4005512,30.150989532470703,0.0009571428571428575,28.8588042667934
1.4507512,31.142202377319336,0.0009904761904761907,30.845609973725825
1.4999512,31.491619110107422,0.0009380952380952384,29.542137927100782
1.5504652,30.747982025146484,0.0009523809523809526,29.28379240490142
1.6002252,30.155362618627134,0.0009761904761904765,29.437377794374115
1.6502452,31.15292408013004,0.0008569565217391307,26.69670146171145
1.7002252,31.5575456375636,0.0009809523809523812,30.956449530181445
1.7500252,31.072213698172373,0.0009761904761904764,30.33239908631113
1.8002252,30.28792339076308,0.0009523809523809526,28.845641324536274
1.8506852,30.78639030456543,0.0009619047619047622,29.613575435820092
1.9005852,31.531015396118164,0.0009571428571428575,30.179686164855966
1.9500852,31.16364288330078,0.0009714285714285717,30.27325308663505
2.0002852,30.330121994018555,0.0009714285714285717,29.463547079903744
2.0501852,30.630269687912826,0.0009809523809523814,30.046835979571643
2.0999852,31.50077363840724,0.0009022727272727276,28.42228894192654
2.1500452,31.38505222375833,0.0009714285714285717,30.48833644593667
2.2003452,30.74418422626819,0.0009761904761904764,30.01217983992848
2.2507232,30.199073791503906,0.0008091999999999999,24.437090512084957
2.30024,31.24762725830078,0.0009159090909090911,28.619985875216404
2.35044,31.54366683959961,0.0009714285714285717,30.642419215611056
2.4005,30.781843185424805,0.0009422727272727275,29.004891328811652
2.450148,30.141474258996045,0.0008295833333333332,25.0048646873588
2.500528,31.140353929442483,0.0009523809523809526,29.65747993280237
2.550788,31.580530458768326,0.0009750000000000002,30.791017197299123
2.600188,31.09187757001823,0.000985714285714286,30.647707890446547
2.650398,30.315014512712548,0.0008270833333333333,25.073043253222668
2.70024,30.67639923095703,0.0008778260869565219,26.928543498827068
2.75053,31.534711837768555,0.0009476190476190478,29.88289359864735
2.80033,31.205196380615234,0.0009666666666666669,30.165023167928066
2.85053,30.40059471130371,0.0009485714285714286,28.83713555472238
2.90049,30.512881944138957,0.0009761904761904765,29.786384754992802
2.95015,31.44952849927486,0.0009714285714285717,30.550970542152726
3.00025,31.419150191334122,0.0009636363636363637,30.276635638921974
